Class,Lipid,OzESI_Intensity,Precursor_Ion,Product_Ion,Retention_Time,Sample_ID,Transition,peak_area,peak_start,peak_stop,peak_middle,is_special_case,n-7,n-9,n-12,db_pos,Ratio,Ratio_Area
,TG(52:2),12642.0,766.7,577.596,18.07,RBDCanola_O3on_150gN3_02082023,766.7 -> 577.596,2574.409616257221,17.467416666666665,18.667416666666668,18.067416666666666,0,684.7,656.7,614.7,n-9,4.7,2.7707349626610336
,TG(52:3),3097.0,764.6,575.596,16.16,RBDCanola_O3on_150gN3_02082023,764.6 -> 575.596,1154.1344135358186,15.559850000000003,16.759850000000004,16.159850000000002,0,682.6,654.6,612.6,n-9,3.07,2.2100757633233616
,TG(52:4),1317.0,762.6,573.596,14.33,RBDCanola_O3on_150gN3_02082023,762.6 -> 573.596,516.0676538069413,13.750133333333334,14.950133333333333,14.350133333333334,0,680.6,652.6,610.6,n-9,2.68,1.7142922033692454
,TG(54:2),7721.0,794.6,605.596,20.04,RBDCanola_O3on_150gN3_02082023,794.6 -> 605.596,1797.6226795542393,19.435566666666666,20.63556666666667,20.035566666666668,0,712.6,684.6,642.6,n-9,4.48,2.419785348863796
,TG(54:3),63686.0,792.6,603.596,18.01,RBDCanola_O3on_150gN3_02082023,792.6 -> 603.596,7453.807052006013,17.878266780211824,18.158660813378454,18.014316666666666,0,710.6,682.6,640.6,n-9,5.41,4.6306287420223144
,TG(54:4),17709.0,790.6,601.596,16.12,RBDCanola_O3on_150gN3_02082023,790.6 -> 601.596,2082.3398266327013,15.97747454499015,16.240120924416765,16.123533333333334,0,708.6,680.6,638.6,n-9,4.97,3.5121549722194563
,TG(54:5),3415.0,788.6,599.596,14.33,RBDCanola_O3on_150gN3_02082023,788.6 -> 599.596,82.78303666635983,14.308228769987092,14.346433333333334,14.330116666666667,0,706.6,678.6,636.6,n-9,3.83,0.23768602085917026
