Class,Lipid,OzESI_Intensity,Precursor_Ion,Product_Ion,Retention_Time,Sample_ID,Transition,peak_area,peak_start,peak_stop,peak_middle,is_special_case,n-7,n-9,n-12,db_pos,Ratio,Ratio_Area
,TG(52:2),9987.0,766.7,577.596,17.94,DegummedCanola_O3on_150gN3_02082023,766.7 -> 577.596,2454.98698455963,17.336966666666665,18.536966666666668,17.936966666666667,0,684.7,656.7,614.7,n-9,4.31,2.7707349626610336
,TG(52:3),2387.0,764.6,575.596,16.01,DegummedCanola_O3on_150gN3_02082023,764.6 -> 575.596,1035.1549774721789,15.413100000000002,16.613100000000003,16.0131,0,682.6,654.6,612.6,n-9,2.5,2.2100757633233616
,TG(52:4),1897.0,762.6,573.596,14.19,DegummedCanola_O3on_150gN3_02082023,762.6 -> 573.596,576.9300918303167,13.587066666666667,14.787066666666666,14.187066666666666,0,680.6,652.6,610.6,n-9,2.96,1.7142922033692454
,TG(54:2),5166.0,794.6,605.596,19.92,DegummedCanola_O3on_150gN3_02082023,794.6 -> 605.596,1359.0649190190652,19.593261219607076,20.521433333333334,19.921433333333333,1,712.6,684.6,642.6,n-9,3.84,2.419785348863796
,TG(54:3),61998.0,792.6,603.596,17.88,DegummedCanola_O3on_150gN3_02082023,792.6 -> 603.596,7149.361793098991,17.752125755706402,18.013450687927904,17.883866666666666,0,710.6,682.6,640.6,n-9,5.75,4.6306287420223144
,TG(54:4),14145.0,790.6,601.596,15.98,DegummedCanola_O3on_150gN3_02082023,790.6 -> 601.596,1643.2597696268801,15.832472380613154,16.086876745205764,15.976766666666668,0,708.6,680.6,638.6,n-9,4.07,3.5121549722194563
,TG(54:5),4061.0,788.6,599.596,14.2,DegummedCanola_O3on_150gN3_02082023,788.6 -> 599.596,104.91050885518742,14.134831559018355,14.232196858619801,14.199683333333335,0,706.6,678.6,636.6,n-9,3.83,0.23768602085917026
