Lipid,Ratio_StdDev
[TG(52:2)]_FA18:1,0.5836412555523186
[TG(52:3)]_FA18:1,0.4475583072458339
[TG(52:4)]_FA18:1,0.27473314950791466
[TG(54:2)]_FA18:1,1.2768434009291578
[TG(54:3)]_FA18:1,0.36245784334893627
[TG(54:4)]_FA18:1,0.29186418024380256
[TG(54:5)]_FA18:1,1.9046189555597515
