Sample_Type,Difference_StdDev
Crude,0.11506713750541445
Degummed,0.22109472774973232
RBD,0.09424841843311248
