Sample_ID,Lipid,n-7_Area,n-9_Area,n-9/n-7_Ratio,n-7_Intensity,n-9_Intensity,n-9/n-7_Intensity_Ratio
CrudeCanola_O3on_150gN3_02082023,[TG(52:2)]_FA18:1,385.16488157755424,1594.4484080973446,4.139651573546424,3814.960205078125,16153.12109375,4.234151924376157
CrudeCanola_O3on_150gN3_02082023,[TG(52:3)]_FA18:1,181.89740794982802,403.30980382283326,2.2172377735810094,1083.4000244140625,3419.8203125,3.156562890377955
CrudeCanola_O3on_150gN3_02082023,[TG(52:4)]_FA18:1,113.47224670435597,255.85616590271005,2.2547906940568954,615.4200439453125,1874.7801513671875,3.046342363743005
CrudeCanola_O3on_150gN3_02082023,[TG(54:2)]_FA18:1,217.319775743614,1178.1856605936598,5.421437862993383,2716.400146484375,11693.0810546875,4.304623922885935
CrudeCanola_O3on_150gN3_02082023,[TG(54:3)]_FA18:1,1585.3710004475806,9933.026600911484,6.265427207957758,17186.220703125,99860.1484375,5.810477484403669
CrudeCanola_O3on_150gN3_02082023,[TG(54:4)]_FA18:1,638.0320645060182,2811.806176220692,4.406998225704642,5501.26025390625,27000.62109375,4.908079212318271
CrudeCanola_O3on_150gN3_02082023,[TG(54:5)]_FA18:1,118.33253814137811,895.0341967865004,7.563720096303149,1287.4801025390625,5259.14013671875,4.08483216660755
