Sample_ID,Lipid,n-7_Area,n-9_Area,n-9/n-7_Ratio,n-7_Intensity,n-9_Intensity,n-9/n-7_Intensity_Ratio
DegummedCanola_O3on_150gN3_02082023,[TG(52:2)]_FA18:1,305.4795592834467,1127.6220338236474,3.691317469714416,2316.06005859375,9987.041015625,4.312082054421708
DegummedCanola_O3on_150gN3_02082023,[TG(52:3)]_FA18:1,95.03874267832461,295.3721498657248,3.107913063049076,954.5200805664062,2387.040283203125,2.500775344387381
DegummedCanola_O3on_150gN3_02082023,[TG(52:4)]_FA18:1,101.17768711903823,200.18898819376543,1.9785883023619406,640.02001953125,1896.60009765625,2.9633449576238537
DegummedCanola_O3on_150gN3_02082023,[TG(54:2)]_FA18:1,194.40153077036436,577.200425305181,2.9691146104553856,1344.7200927734375,5166.14013671875,3.841795898255502
DegummedCanola_O3on_150gN3_02082023,[TG(54:3)]_FA18:1,1060.2003797892226,6127.100460514379,5.779190969288751,10785.3603515625,61997.8046875,5.748329463884647
DegummedCanola_O3on_150gN3_02082023,[TG(54:4)]_FA18:1,305.60597833353916,1512.694245418306,4.949818893161009,3479.060302734375,14145.28125,4.065833880166574
DegummedCanola_O3on_150gN3_02082023,[TG(54:5)]_FA18:1,84.22205965372827,604.449981713868,7.1768606015931224,1060.780029296875,4061.100341796875,3.828409500213466
