Sample_ID,Lipid,n-7_Area,n-9_Area,n-9/n-7_Ratio,n-7_Intensity,n-9_Intensity,n-9/n-7_Intensity_Ratio
RBDCanola_O3on_150gN3_02082023,[TG(52:2)]_FA18:1,269.67775872599293,1307.6252130452353,4.848843372262867,2688.520263671875,12641.9609375,4.702200354716355
RBDCanola_O3on_150gN3_02082023,[TG(52:3)]_FA18:1,141.92075133616268,366.9288855061869,2.585449147158581,1009.3800659179688,3096.64013671875,3.0678633760243197
RBDCanola_O3on_150gN3_02082023,[TG(52:4)]_FA18:1,121.75349167200741,207.62951898651102,1.7053270188410337,492.0800476074219,1317.2000732421875,2.6768004101093745
RBDCanola_O3on_150gN3_02082023,[TG(54:2)]_FA18:1,216.3233566853861,774.0855524414034,3.5783725081855544,1725.320068359375,7721.20068359375,4.475228002729906
RBDCanola_O3on_150gN3_02082023,[TG(54:3)]_FA18:1,1201.1654116658585,6674.495229248085,5.5566828385371485,11771.0205078125,63685.9453125,5.410401355620037
RBDCanola_O3on_150gN3_02082023,[TG(54:4)]_FA18:1,401.51772391154157,1803.8168640503081,4.492496237719527,3560.100341796875,17709.400390625,4.974410463297954
RBDCanola_O3on_150gN3_02082023,[TG(54:5)]_FA18:1,134.54351282958962,550.074449212647,4.08845017975234,891.4800415039062,3415.2001953125,3.8309328715325317
